"0","library(patchwork)"
"0","# Assuming you have a dataframe called 'data'"
"0","# Replace 'value_column', 'facet_column', and 'data' with your actual column names and dataframe"
"0","dataset <- dataset %>%"
"0","  mutate(season_cat = case_when("
"0","    season == 1 ~ ""Winter"","
"0","    season == 2 ~ ""Spring"","
"0","    season == 3 ~ ""Summer"","
"0","    season == 4 ~ ""Fall"","
"0","    TRUE ~ ""Unknown""  # Optional: for any value that is not 1, 2, 3, or 4"
"0","  ))"
"0","dataset <- dataset %>%"
"0","  mutate(weathersit_cat = case_when("
"0","    weathersit == 1 ~ ""Clear/Partly cloudy"","
"0","    weathersit == 2 ~ ""Mist/Few clouds"","
"0","    weathersit == 3 ~ ""Light Snow/Thunderstorm"","
"0","    weathersit == 4 ~ ""Heavy Rain/snow"","
"0","    TRUE ~ ""Unknown""  # Optional: for any value that is not 1, 2, 3, or 4"
"0","  ))"
"0",""
"0","# Create the violin plot"
"0","p1=ggplot(dataset, aes(x=season_cat, y=cnt, fill=season_cat)) + "
"0","  geom_violin(trim=FALSE) +"
"0","  geom_jitter(width=0.2, alpha=0.5) +  # Add jittered data points"
"0","  scale_fill_brewer(palette=""Pastel1"") +  # Color scheme"
"0","  theme_minimal() + "
"0","  theme(axis.text.x = element_text(angle = 45, hjust = 1)) +  # Rotate X-axis labels"
"0","  labs(title=""Total Users vs. Season"","
"0","       x=""Season"", y=""Total Users"")"
"0",""
"0","p2=ggplot(dataset, aes(x=weathersit_cat, y=cnt, fill=weathersit_cat)) + "
"0","  geom_violin(trim=FALSE) +"
"0","  geom_jitter(width=0.2, alpha=0.5) +  # Add jittered data points"
"0","  scale_fill_brewer(palette=""Set2"") +  # Color scheme"
"0","  theme_minimal() +"
"0","  theme(axis.text.x = element_text(angle = 45, hjust = 1)) +  # Rotate X-axis labels"
"0","  labs(title=""Total Users vs. Weather Situation"","
"0","       x=""Weather Situation"", y=""Total Users"")"
"0",""
"0","p1|p2"
