"0","# Grouping weather situations"
"0","group_1_2 <- subset(dataset, weathersit %in% c(1, 2))$cnt"
"0","group_3 <- subset(dataset, weathersit == 3)$cnt"
"0",""
"0","# Conducting the t-test"
"0","# Assuming unequal variances (Welch Two Sample t-test)"
"0","t_test_result <- t.test(group_1_2, group_3, var.equal = FALSE)"
"0",""
"0","# Displaying the results"
"0","print(t_test_result)"
"1","
"
"1","	Welch Two Sample t-test"
"1","
"
"1","
"
"1","data:  "
"1",""
"1","group_1_2 and group_3"
"1",""
"1","
"
"1","t = 9.937, df = 22.86, p-value = 9.166e-10"
"1","
"
"1","alternative hypothesis: "
"1","true "
"1",""
"1","difference in means"
"1",""
"1"," is "
"1",""
"1","not equal to"
"1",""
"1"," "
"1",""
"1","0"
"1",""
"1","
"
"1","95"
"1",""
"1"," percent confidence interval:
"
"1",""
"1"," "
"1",""
"1","2201.828 3360.080"
"1",""
"1","
"
"1","sample estimates:
"
"1","mean of x "
"1","mean of y "
"1","
"
"1"," 4584.239 "
"1"," 1803.286 "
"1","
"
"1","
"
